{
    "registries": [
        {
            "kind": "artifact",
            "location": "https://artifacts.keil.arm.com/vcpkg-ce-registry/registry.zip",
            "name": "arm"
        }
    ],
    "requires": {
        "arm:tools/kitware/cmake": "^3.25.2",
        "arm:ninja": "^1.10.2",
        "arm:compilers/arm/armclang": "^6.22.0",
        "arm:compilers/arm/arm-none-eabi-gcc": "^13.2.1",
        "arm:compilers/arm/llvm-embedded": "^17.0.1",
        "arm:tools/open-cmsis-pack/cmsis-toolbox": "^2.3.0",
        "arm:debuggers/arm/armdbg": "*",
        "arm:models/arm/avh-fvp" : "*"
    }
}
